<?xml version="1.0" encoding="UTF-8"?>
<Material>
    <MaterialMap>
        <MaterialID number="1">
            <id>1</id>
            <name>Berylium</name>
            <density>0.0791</density>
            <card>c  ----- Be -----
c ---------------------------------------------------------------------                                                 
C    BE KUGELBETTSCHUETTUNG PUR; N = 7.91E-02, P=0.64       27/4/94                                                     
C    ------------------------------------------------------------------                                                 
C         BE                                                                                                            
       4009.21c 1.0                                                                                                     
</card>
        </MaterialID>
        <MaterialID number="2">
            <id>2</id>
            <name>Eurofer</name>
            <density>0.084129</density>
            <card>       26054.21c  4.3367E-03  $ Fe54    5.8%        Fe - 89.033 %              
       26056.21c  6.8561E-02  $ Fe56   91.7%                                   
       26057.21c  1.6452E-03  $ Fe57    2.2%                                   
       26058.21c  2.2431E-04  $ Fe58    0.3%                                   
        6012.21c  8.8179E-05  $ C    (nat.)          C -  0.105 %              
       25055.21c  3.3592E-04  $ Mn55                Mn -  0.400 %              
       15031.21c  4.1990E-06  $ P                    P -  0.005 %              
c        16000.21c  4.1990E-06  $ S                    S -  0.005 %              
        16032.21c 3.98611E-06
        16033.21c 3.19124E-08
        16034.21c 1.80137E-07
        16036.21c 8.39800E-10
       14028.21c  4.0025E-05  $ Si28   95.317% (+30)Si -  0.050 %              
       14029.21c  1.9668E-06  $ Si29    4.683%                                 
       28058.21c  5.7173E-06  $ Ni58   68.077%      Ni -  0.010 %              
       28060.21c  2.2019E-06  $ Ni60   26.223%                                 
       28061.21c  9.5737E-08  $ Ni61    1.140%                                 
       28062.21c  3.0527E-07  $ Ni62    3.635%                                 
       28064.21c  7.7765E-08  $ Ni64    0.926%                                 
       24050.21c  3.2844E-04  $ Cr50    4.345%      Cr -  9.000 %              
       24052.21c  6.3329E-03  $ Cr52   83.789%                                 
       24053.21c  7.1811E-04  $ Cr53    9.501%                                 
       24054.21c  1.7879E-04  $ Cr54    2.365%                                 
       42092.21c  6.2313E-07  $ Mo92   14.84 %      Mo -  0.005 %              
       42094.21c  3.8841E-07  $ Mo94    9.25 %                                 
       42095.21c  6.6848E-07  $ Mo95   15.92 %                                 
       42096.21c  7.0039E-07  $ Mo96   16.68 %                                 
       42097.21c  4.1780E-07  $ Mo97    9.95 %                                 
       42098.21c  1.0128E-06  $ Mo98   24.13 %                                 
       42100.21c  4.0436E-07  $ Mo100   9.63 %                                 
c       23000.21c  1.6796E-04  $ V                    V -  0.200 %             
       23051.21c  1.6796E-04  $ V                    V -  0.200 %               
       73181.21c  1.0078E-04  $ Ta                  Ta -  0.120 %              
       74182.21c  2.4480E-04  $ W182   26.5%         W -  1.100 %              
       74183.21c  1.3218E-04  $ W183   14.31%                                  
       74184.21c  2.8301E-04  $ W184   30.64%                                  
       74186.21c  2.6260E-04  $ W186   28.43%                                  
       22046.21c  1.3857E-06  $ Ti46    8.25 %      Ti -  0.020 %              
       22047.21c  1.2496E-06  $ Ti47    7.44 %                                 
       22048.21c  1.2379E-05  $ Ti48   73.72 %                                 
       22049.21c  9.0866E-07  $ Ti49    5.41 %                                 
       22050.21c  8.7003E-07  $ Ti50    5.18 &amp;                                 
       29063.21c  5.8089E-06  $ Cu63   69.17%       Cu -  0.010 %              
       29065.21c  2.5891E-06  $ Cu65   30.83%                                  
       41093.21c  4.1990E-06  $ Nb                  Nb -  0.005 %              
       13027.21c  8.3980E-06  $ Al                  Al -  0.010 %              
        7014.21c  2.5194E-05  $ N14                  N -  0.030 %              
        5010.21c  3.3424E-07  $ B10    19.9 %        B -  0.002 %              
        5011.21c  1.3454E-06  $ B11    80.1 %                                  
       27059.21c  8.3980E-06  $ Co                  Co -  0.010 %              
       50000.21c  8.3980E-06  $ Sn                  Sn -  0.010 %              
c       40000.21c  1.6796E-05  $                     Zr -  0.020 %              
      40090.21c   8.64154E-06
      40091.21c   1.88451E-06
      40092.21c   2.88051E-06
      40094.21c   2.91914E-06
      40096.21c   4.70288E-07
        8016.21c  8.3980E-06  $ O                    O -  0.010 %         
</card>
        </MaterialID>
        <MaterialID number="3">
            <id>3</id>
            <name>Lithium</name>
            <density>0.07154</density>
            <card>c    -------------------------------------------------------------------                                                
c    Li(4)SiO(4) mit neuer molarer Zusammensetzung - nach DD, 12/9/97                                                   
c                kein TeO(2), but: 2.15w% (4.15at%) SiO(2)                                                              
c    2.40 g/cc     pf = 0.64            90 at% Li-6                                                                     
c                  pd = 0.98            N(TOT)=7.154e-2       12/2/97                                                   
C    -------------------------------------------------------------------                                                
C         LI-6                  LI-7                 O-16                                                               
       3006.21c  2.821E-02  3007.21c 3.135E-03  8016.21c 3.202E-02                                                     
C    SI                                                                                                                 
       14028.21c 7.536E-03  14029.21c 3.816E-04  14030.21c 2.533E-04    
</card>
        </MaterialID>
    </MaterialMap>
</Material>
