<?xml version='1.0' encoding='us-ascii' ?>
 
<!-- XML component catalog -->
<begin-catalog>

<!-- Path prefix information -->

<path-prefix-list>
</path-prefix-list>

<!-- Component list -->
<component-list>
        <component>
                <!-- Component identification -->
                <component-name>MCCAD</component-name>
		<component-username>MCCAD GUI</component-username>
                <component-type>Data</component-type>
                <component-author>KIT-INR</component-author>
                <component-version>0.5.1</component-version>
                <component-comment>KIT</component-comment>
                <component-multistudy>1</component-multistudy>
                <component-icone>MCCAD.png</component-icone>
                <constraint>'linux' ~ OS</constraint>
	
	</component>
</component-list>
</begin-catalog>
